Customer ID,Customer Segment,Region,Current Price,Proposed Price,Competitor Price,Unit Cost,Willingness to Pay,Expected Demand,Number of Customers,Conversion Rate,Churn Rate,Discount %,Revenue,Gross Profit,Gross Margin %,CAC,LTV,LTV:CAC Ratio,Price Sensitivity Score,Pricing Scenario,Recommended Price,Final Decision
CUST0001,Students,India,499,1499,540.0,76.0,639.0,38,1,0.025,0.12585327393249382,0.1,1349.1000000000001,1273.1000000000001,0.9436661478022386,381.002004008016,8842.647967612473,23.208927707966676,91.1,Premium,999,Test
CUST0002,Individual Professionals,India,999,1499,1150.0,151.0,1180.0,61,7,0.11766693250198777,0.05843538607046474,0.0,10493.0,9436.0,0.8992661774516344,566.8468468468468,21720.214153227367,38.31760602365286,71.0,Premium,999,Test
CUST0003,Students,India,499,499,520.0,61.0,501.0,53,6,0.11270446424256053,0.07814258121235694,0.05,2844.2999999999997,2478.2999999999997,0.8713215905495201,280.0,4872.800474756048,17.402858838414456,90.9,Penetration,999,Test
CUST0004,Enterprise,India,4999,1199,4620.0,583.0,7643.0,92,26,0.27877755435770674,0.009301007255146172,0.05,29615.3,14457.3,0.48816996619990344,5200.0,59227.79757116947,11.389961071378744,20.7,Moderate Increase,4999,Test
CUST0005,Enterprise,Europe,4999,699,4750.0,704.0,6587.0,109,30,0.2771558887345074,0.016164136005048728,0.15,17824.5,-3295.5,-0.18488597155600436,5200.0,-6686.059163699765,-1.285780608403801,20.3,Value Entry,4999,Test
CUST0006,Students,Southeast Asia,499,1499,470.0,62.0,649.0,43,1,0.025,0.11865189119364443,0.15,1274.1499999999999,1212.1499999999999,0.951340109092336,381.002004008016,9003.869212215714,23.63207835522639,92.6,Premium,999,Test
CUST0007,Individual Professionals,Southeast Asia,999,1999,1050.0,135.0,956.0,57,4,0.0652052335819599,0.07636826113899982,0.1,7196.400000000001,6656.400000000001,0.9249624812406203,613.6936936936936,20126.366028434633,32.79545844328016,65.5,High Premium,999,Test
CUST0008,Mid-Market,India,2499,899,2030.0,268.0,3023.0,104,28,0.2669725306245883,0.014947839378549063,0.1,22654.8,15150.8,0.6687677666543073,2300.0,35658.111558060154,15.50352676437398,32.5,Value Entry,1999,Test
CUST0009,Students,Europe,499,1199,530.0,44.0,620.0,51,3,0.04920391094756703,0.1146160389978544,0.0,3597.0,3465.0,0.963302752293578,350.7014028056112,8922.12367395301,25.44079836172887,100.0,Moderate Increase,999,Recommend
CUST0010,Mid-Market,India,2499,1199,2790.0,218.0,2878.0,104,25,0.24105792175494525,0.025902180508489435,0.1,26977.500000000004,21527.500000000004,0.797979797979798,2300.0,32383.205425088625,14.079654532647229,33.7,Moderate Increase,1999,Test
CUST0011,Enterprise,Middle East,4999,1199,4790.0,555.0,6355.0,72,21,0.293859183370878,0.018339181676921713,0.05,23920.05,12265.05,0.5127518546156885,5200.0,31263.063480258326,6.012127592357371,20.7,Moderate Increase,4999,Test
CUST0012,Students,Southeast Asia,499,1999,530.0,63.0,678.0,31,1,0.025,0.15092320083813526,0.1,1799.1000000000001,1736.1000000000001,0.9649824912456229,431.503006012024,9767.101564496123,22.63507189617112,100.0,High Premium,999,Test
CUST0013,Individual Professionals,India,999,999,1010.0,132.0,1485.0,104,17,0.16410922886579668,0.04432499816563439,0.1,15284.7,13040.7,0.8531865198531865,520.0,16539.161291506156,31.806079406742608,69.5,Moderate Increase,999,Recommend
CUST0014,Small Businesses,Southeast Asia,1499,899,1730.0,196.0,1850.0,142,31,0.21995978431167193,0.032926919126905416,0.1,25082.100000000002,19006.100000000002,0.7577555308367322,1100.0,18006.92325929791,16.369930235725374,45.8,Value Entry,1499,Test
CUST0015,Small Businesses,India,1499,1199,1370.0,259.0,1786.0,122,25,0.2033290244696435,0.03602846748022512,0.05,28476.25,22001.25,0.772617532153988,1100.0,23546.46773859189,21.405879762356264,48.3,Moderate Increase,1499,Recommend
CUST0016,Individual Professionals,Southeast Asia,999,999,1060.0,99.0,1265.0,79,13,0.16723601400182683,0.04868935141360893,0.15,11038.949999999999,9751.949999999999,0.8834128245892952,520.0,14656.709574439288,28.185979950844786,67.4,Moderate Increase,999,Recommend
CUST0017,Enterprise,Southeast Asia,4999,1499,4840.0,809.0,5358.0,97,24,0.24279053616694063,0.013417934193678826,0.1,32378.4,12962.400000000001,0.40034096805277597,5200.0,39711.9978418899,7.636922661901903,21.1,Premium,4999,Test
CUST0018,Students,Southeast Asia,499,1999,490.0,57.0,637.0,38,1,0.025,0.15177921784473394,0.0,1999.0,1942.0,0.9714857428714357,431.503006012024,10852.900563966628,25.151390402281944,99.6,High Premium,999,Test
CUST0019,Mid-Market,Middle East,2499,499,2630.0,440.0,3171.0,60,16,0.26571751599229787,0.01770987266225737,0.05,7584.799999999999,544.7999999999993,0.07182786625883336,2300.0,1888.6063990245996,0.8211332169672172,34.1,Penetration,1999,Test
CUST0020,Enterprise,Middle East,4999,699,4450.0,418.0,6547.0,86,27,0.3138809700527598,0.016206189369334448,0.15,16042.05,4756.049999999999,0.2964739543886224,5200.0,10693.15406560059,2.0563757818462673,19.7,Value Entry,4999,Test
CUST0021,Mid-Market,Southeast Asia,2499,899,2540.0,446.0,2751.0,72,19,0.26111322494231104,0.01889865557617222,0.05,16226.949999999999,7752.949999999999,0.4777823312452432,2300.0,21183.432968475125,9.210188247163098,30.7,Value Entry,1999,Test
CUST0022,Enterprise,North America,4999,899,5600.0,764.0,7594.0,102,27,0.26684005461141735,0.023761822503239913,0.15,20632.05,4.049999999999272,0.00019629653863766677,5200.0,6.162647103542722,0.001185124442988985,21.3,Value Entry,4999,Test
CUST0023,Mid-Market,Middle East,2499,699,2230.0,210.0,2983.0,116,32,0.2799496597678029,0.022036577382960547,0.05,21249.6,14529.599999999999,0.6837587531059408,2300.0,20150.329351173077,8.761012761379599,32.0,Value Entry,1999,Test
CUST0024,Students,India,499,1999,490.0,51.0,567.0,19,1,0.025,0.16,0.0,1999.0,1948.0,0.9744872436218109,431.503006012024,10226.999999999998,23.700877763328997,89.7,High Premium,999,Test
CUST0025,Individual Professionals,Europe,999,1199,920.0,172.0,1202.0,90,12,0.13026704498743547,0.057789294357152174,0.0,14388.0,12324.0,0.8565471226021685,538.7387387387388,16744.457696868303,31.080849571110058,68.7,Moderate Increase,999,Recommend
CUST0026,Enterprise,Europe,4999,1199,5440.0,677.0,5246.0,95,27,0.27969589527762767,0.018127291487109242,0.1,29135.700000000004,10856.700000000004,0.37262533592808833,5200.0,21779.923182334947,4.1884467658336435,21.5,Moderate Increase,4999,Test
CUST0027,Students,India,499,1499,430.0,76.0,547.0,39,1,0.02703370938785546,0.13876102602132273,0.1,1349.1000000000001,1273.1000000000001,0.9436661478022386,381.002004008016,7901.666405981815,20.73917282024472,99.1,Premium,999,Test
CUST0028,Small Businesses,India,1499,899,1690.0,121.0,1967.0,151,32,0.21011540017643213,0.036895331683647156,0.15,24452.8,20580.8,0.8416541254989204,1100.0,16788.59463139624,15.262358755814764,45.4,Value Entry,1499,Test
CUST0029,Students,Middle East,499,1199,430.0,75.0,701.0,36,2,0.043188923954062715,0.1066886647892239,0.05,2278.1,2128.1,0.9341556560291471,350.7014028056112,8909.361909335981,25.404409101478027,95.1,Moderate Increase,999,Recommend
CUST0030,Students,Middle East,499,1999,590.0,82.0,714.0,28,1,0.041308376800983426,0.13681324161707983,0.05,1899.05,1817.05,0.9568205155209184,431.503006012024,11464.193675854534,26.568050549189177,89.7,High Premium,999,Test
CUST0031,Individual Professionals,North America,999,1999,900.0,177.0,1128.0,51,5,0.08877458521858227,0.07743052433664725,0.0,9995.0,9110.0,0.9114557278639319,613.6936936936936,21708.771819114,35.37395290548524,71.1,High Premium,999,Test
CUST0032,Mid-Market,India,2499,499,2720.0,326.0,3098.0,111,33,0.29826678449541655,0.018571369774334868,0.1,14820.300000000001,4062.300000000001,0.274103763081719,2300.0,6505.382524219668,2.828427184443334,33.9,Penetration,1999,Test
CUST0033,Small Businesses,Southeast Asia,1499,499,1320.0,261.0,2010.0,124,30,0.24024971624119382,0.03319015107062133,0.05,14221.499999999998,6391.499999999998,0.44942516612171707,1100.0,6206.0229215626805,5.641839019602437,50.9,Penetration,1499,Test
CUST0034,Students,India,499,1499,560.0,59.0,615.0,36,1,0.03644396661543345,0.12279804082011139,0.15,1274.1499999999999,1215.1499999999999,0.9536946199427069,381.002004008016,8680.36618156588,22.782993502005965,99.8,Premium,999,Test
CUST0035,Enterprise,Southeast Asia,4999,699,5210.0,685.0,6801.0,74,21,0.2873203440937158,0.019229694035449503,0.15,12477.15,-1907.8500000000004,-0.15290751493730542,5200.0,-4633.6141455303505,-0.8910796433712213,21.4,Value Entry,4999,Test
CUST0036,Individual Professionals,Middle East,999,1199,1030.0,154.0,1412.0,62,10,0.1619174113132021,0.04624869984033951,0.15,10191.5,8651.5,0.8488936859147329,538.7387387387388,17841.32181405498,33.11683480535289,75.2,Moderate Increase,999,Recommend
CUST0037,Enterprise,Southeast Asia,4999,1499,5430.0,833.0,6901.0,108,30,0.27839752098513687,0.020749425313334107,0.1,40473.00000000001,15483.000000000007,0.3825513305166408,5200.0,24356.878032232114,4.684015006198484,19.7,Premium,4999,Test
CUST0038,Small Businesses,Europe,1499,1199,1530.0,217.0,2118.0,98,21,0.21535087041623774,0.038035876881973074,0.15,21402.149999999998,16845.149999999998,0.7870774665162145,1100.0,20287.149518165577,18.442863198332343,45.1,Moderate Increase,1499,Recommend
CUST0039,Individual Professionals,India,999,899,920.0,138.0,1214.0,87,14,0.16058884718554095,0.042846013980078014,0.0,12586.0,10654.0,0.8464961067853171,520.0,17000.27880539459,32.69284385652806,71.0,Value Entry,999,Recommend
CUST0040,Individual Professionals,North America,999,699,1070.0,139.0,1179.0,117,22,0.19166962612971078,0.04568902088828278,0.0,15378.0,12320.0,0.8011444921316166,520.0,11696.773927576447,22.49379601457009,65.2,Value Entry,999,Recommend
CUST0041,Students,Southeast Asia,499,499,460.0,71.0,703.0,157,26,0.163727216222212,0.08045374196380681,0.0,12974.0,11128.0,0.8577154308617234,280.0,4891.827139830755,17.47081121368127,100.0,Penetration,999,Test
CUST0042,Students,North America,499,699,560.0,89.0,492.0,49,3,0.0709780056233274,0.09738656260747758,0.1,1887.3000000000002,1620.3000000000002,0.8585280559529487,300.2004008016032,5005.839660863745,16.674993262823822,97.6,Value Entry,999,Recommend
CUST0043,Individual Professionals,North America,999,699,920.0,82.0,1233.0,164,28,0.1726162983143373,0.04866301163539853,0.15,16636.2,14340.2,0.8619877135403518,520.0,10012.270556566025,19.254366454934665,67.1,Value Entry,999,Recommend
CUST0044,Mid-Market,Europe,2499,699,2450.0,262.0,3878.0,69,19,0.2688595764900434,0.025671447788219105,0.0,13281.0,8303.0,0.6251788268955651,2300.0,16585.803061405204,7.211218722350089,29.9,Value Entry,1999,Test
CUST0045,Mid-Market,Middle East,2499,999,3240.0,305.0,3596.0,69,17,0.24711626824128988,0.021050432155173323,0.15,14435.55,9250.55,0.6408172878761114,2300.0,25305.67559924645,11.002467651846283,31.8,Moderate Increase,1999,Test
CUST0046,Students,India,499,499,630.0,45.0,397.0,61,4,0.06802214293171617,0.08353918843083079,0.15,1696.6,1516.6,0.893905457974773,280.0,4159.438501059362,14.855137503783437,98.5,Penetration,999,Test
CUST0047,Students,Southeast Asia,499,699,610.0,72.0,538.0,56,4,0.07560822035860658,0.09017181441963629,0.05,2656.2,2368.2,0.8915744296363226,300.2004008016032,5973.748900804551,19.899203614829577,95.6,Value Entry,999,Recommend
CUST0048,Individual Professionals,Europe,999,699,1320.0,165.0,1103.0,115,21,0.17911255104940974,0.047599132491364826,0.1,13211.1,9746.1,0.737720553171197,520.0,9286.077696708959,17.857841724440306,69.6,Value Entry,999,Recommend
CUST0049,Students,Europe,499,1999,510.0,87.0,620.0,34,1,0.025,0.15148140077278566,0.0,1999.0,1912.0,0.9564782391195598,431.503006012024,10710.01161493022,24.820247983699517,88.2,High Premium,999,Test
CUST0050,Enterprise,India,4999,499,6000.0,673.0,6382.0,96,28,0.29301158405781563,0.012509201920717625,0.05,13273.399999999998,-5570.600000000002,-0.41968146819955726,5200.0,-15705.341997277697,-3.020258076399557,18.9,Penetration,4999,Test
CUST0051,Mid-Market,Europe,2499,699,2480.0,411.0,3011.0,89,22,0.2521845467804563,0.025808044375386776,0.15,13071.3,4029.2999999999993,0.30825549103761674,2300.0,6913.474499556069,3.005858478067856,34.1,Value Entry,1999,Test
CUST0052,Individual Professionals,Europe,999,499,1210.0,168.0,1372.0,99,22,0.21723542438052004,0.04775927583921213,0.15,9331.3,5635.299999999999,0.6039137097724862,520.0,5107.206028729635,9.821550055249299,67.4,Penetration,999,Test
CUST0053,Mid-Market,Middle East,2499,999,2790.0,447.0,3434.0,70,16,0.2333622147682462,0.019323189087275146,0.15,13586.4,6434.4,0.47359123829712063,2300.0,20409.632060593034,8.873753069823058,30.2,Moderate Increase,1999,Test
CUST0054,Small Businesses,Southeast Asia,1499,499,1760.0,259.0,1850.0,126,32,0.25244603405868593,0.038254038544002555,0.0,15968.0,7680.0,0.48096192384769537,1100.0,6033.847393234957,5.4853158120317795,49.9,Penetration,1499,Test
CUST0055,Students,India,499,1199,590.0,56.0,652.0,53,2,0.043331402259303466,0.1067986602367354,0.15,2038.3,1926.3,0.9450522494235393,350.7014028056112,8055.221558828847,22.96888890203197,95.0,Moderate Increase,999,Recommend
CUST0056,Enterprise,Southeast Asia,4999,499,4700.0,875.0,6576.0,74,22,0.2932256110508601,0.02336954910274184,0.0,10978.0,-8272.0,-0.7535070140280561,5200.0,-15713.313420081593,-3.0217910423233834,21.1,Penetration,4999,Test
CUST0057,Students,North America,499,499,440.0,73.0,555.0,102,12,0.12207904769345385,0.07383595873267738,0.05,5688.599999999999,4812.599999999999,0.8460078050838519,280.0,5030.585301872343,17.96637607811551,93.5,Penetration,999,Test
CUST0058,Enterprise,Southeast Asia,4999,1199,5090.0,675.0,7261.0,73,20,0.27925793128688603,0.013714456633388026,0.0,23980.0,10480.0,0.4370308590492077,5200.0,37683.85715449455,7.246895606633568,20.4,Moderate Increase,4999,Test
CUST0059,Mid-Market,North America,2499,1199,2680.0,354.0,2984.0,101,24,0.2407307317718655,0.02423643681045811,0.1,25898.4,17402.4,0.6719488462607729,2300.0,29192.66413631548,12.692462667963254,34.2,Moderate Increase,1999,Test
CUST0060,Individual Professionals,Middle East,999,699,1130.0,88.0,1033.0,88,13,0.15153785043233228,0.04914621139315262,0.1,8178.3,7034.3,0.8601176283579717,520.0,10468.904325081907,20.132508317465206,68.8,Value Entry,999,Recommend
CUST0061,Small Businesses,Europe,1499,899,1590.0,184.0,2236.0,106,23,0.22090823120852776,0.032270629595519386,0.0,20677.0,16445.0,0.7953281423804227,1100.0,21441.369707124468,19.492154279204062,44.2,Value Entry,1499,Test
CUST0062,Enterprise,North America,4999,499,5070.0,459.0,6752.0,101,28,0.27627015062800475,0.02113095565201031,0.0,13972.0,1120.0,0.08016032064128256,5200.0,1852.9574534502688,0.3563379718173594,20.1,Penetration,4999,Test
CUST0063,Enterprise,Middle East,4999,699,5030.0,543.0,6813.0,99,28,0.28044078706462966,0.015278610658075516,0.1,17614.8,2410.7999999999993,0.13686218407248446,5200.0,5549.229149152171,1.067159451760033,21.2,Value Entry,4999,Test
CUST0064,Individual Professionals,Middle East,999,899,1150.0,179.0,1265.0,102,16,0.15518981641097698,0.0519919931649818,0.05,13664.8,10800.8,0.7904103975177097,520.0,12308.679972765629,23.67053840916467,69.3,Value Entry,999,Recommend
CUST0065,Enterprise,Middle East,4999,1199,6000.0,627.0,7248.0,127,38,0.29541091258251684,0.014556272257481958,0.0,45562.0,21736.0,0.47706422018348627,5200.0,38723.77503649609,7.446879814710786,20.5,Moderate Increase,4999,Test
CUST0066,Enterprise,Middle East,4999,1499,5730.0,710.0,5845.0,47,13,0.26874336021400685,0.012896979913276955,0.0,19487.0,10257.0,0.5263509006004002,5200.0,60388.113192814555,11.613098690925876,21.4,Premium,4999,Test
CUST0067,Individual Professionals,Middle East,999,499,920.0,177.0,1273.0,131,24,0.18261670050585388,0.05228539004130715,0.0,11976.0,7728.0,0.6452905811623246,520.0,5836.508136701467,11.224054109041283,72.7,Penetration,999,Test
CUST0068,Individual Professionals,Middle East,999,899,1150.0,96.0,1052.0,113,19,0.17068479842274348,0.04823508446382453,0.05,16226.949999999999,14402.949999999999,0.8875944031379895,520.0,14957.689039879242,28.76478661515239,72.4,Value Entry,999,Recommend
CUST0069,Individual Professionals,Middle East,999,1199,800.0,177.0,1453.0,97,15,0.1551042012351786,0.04019094159473707,0.15,15287.25,12632.25,0.8263258597851151,538.7387387387388,20111.576550917085,37.33085279518054,67.2,Moderate Increase,999,Recommend
CUST0070,Students,India,499,1499,450.0,54.0,650.0,33,1,0.030205649211749844,0.1259085151140054,0.15,1274.1499999999999,1220.1499999999999,0.9576188046933249,381.002004008016,8470.61633852127,22.23247187524781,100.0,Premium,999,Test
CUST0071,Students,India,499,899,440.0,88.0,639.0,65,3,0.053227634562151745,0.09775823874313982,0.05,2562.1499999999996,2298.1499999999996,0.8969615362098238,320.4008016032064,7070.118182333967,22.066480941860455,97.1,Value Entry,999,Recommend
CUST0072,Small Businesses,Southeast Asia,1499,1499,1830.0,174.0,1976.0,123,22,0.18023516400502698,0.03546269853717144,0.15,28031.299999999996,24203.299999999996,0.8634383706784915,1100.0,29922.587845142836,27.202352586493486,48.4,Premium,1499,Recommend
CUST0073,Mid-Market,North America,2499,499,2930.0,338.0,3226.0,100,28,0.2784874979093212,0.01791846701095138,0.0,13972.0,4508.0,0.3226452905811623,2300.0,8824.14364546924,3.836584193682278,29.8,Penetration,1999,Test
CUST0074,Individual Professionals,North America,999,499,980.0,83.0,1347.0,95,21,0.22511502225100294,0.05274420583999376,0.1,9431.1,7688.1,0.8151859274103763,520.0,6574.946777926866,12.644128419090126,70.9,Penetration,999,Test
CUST0075,Individual Professionals,Europe,999,699,1160.0,119.0,986.0,99,17,0.1752999435144964,0.050800537676693694,0.0,11883.0,9860.0,0.8297567954220315,520.0,10837.201992846087,20.840773063165553,67.9,Value Entry,999,Recommend
CUST0076,Students,Middle East,499,699,370.0,79.0,777.0,55,5,0.09621452259293571,0.0764274713665757,0.05,3320.25,2925.25,0.8810330547398539,300.2004008016032,7069.919993627997,23.550668069561887,97.5,Value Entry,999,Recommend
CUST0077,Small Businesses,North America,1499,1999,1600.0,194.0,1893.0,53,9,0.17751800498140047,0.03796908377537896,0.15,15292.349999999999,13546.349999999999,0.8858252655739635,1166.0440293529018,38136.31221974452,32.705722305278925,51.6,High Premium,1499,Test
CUST0078,Individual Professionals,Southeast Asia,999,1999,1010.0,93.0,1305.0,52,4,0.08128664420735231,0.06246726468639055,0.05,7596.2,7224.2,0.9510281456517733,613.6936936936936,27105.893064372336,44.168439961029506,75.3,High Premium,999,Test
CUST0079,Individual Professionals,Europe,999,499,1010.0,147.0,1393.0,109,22,0.20512598858746292,0.04673800370684605,0.05,10429.099999999999,7195.0999999999985,0.6899061280455647,520.0,6670.4675245256485,12.827822162549325,72.6,Penetration,999,Test
CUST0080,Small Businesses,Europe,1499,1999,1420.0,133.0,1876.0,68,10,0.1508711900583351,0.033829980966958044,0.05,18990.5,17660.5,0.9299649824912456,1166.0440293529018,50437.64475598914,43.2553518446294,46.2,High Premium,1499,Test
CUST0081,Students,Europe,499,1999,640.0,42.0,653.0,35,1,0.025,0.15192967050403755,0.0,1999.0,1957.0,0.9789894947473737,431.503006012024,10923.959943554886,25.316069161405764,100.0,High Premium,999,Test
CUST0082,Individual Professionals,Southeast Asia,999,1999,940.0,155.0,1170.0,52,4,0.07488311926664176,0.061826717050459376,0.15,6796.599999999999,6176.599999999999,0.9087779183709501,613.6936936936936,23431.298700272313,38.18077151688531,68.3,High Premium,999,Test
CUST0083,Individual Professionals,Southeast Asia,999,499,820.0,126.0,1455.0,95,21,0.222964127297792,0.05011448223827131,0.05,9955.05,7309.049999999999,0.7342052526104841,520.0,6597.048192278678,12.686631138997457,68.9,Penetration,999,Test
CUST0084,Small Businesses,India,1499,1999,1720.0,200.0,1871.0,49,7,0.15160456833935348,0.03948318645153945,0.1,12593.7,11193.7,0.8888333055416597,1166.0440293529018,38901.683845363914,33.36210543177557,46.9,High Premium,1499,Test
CUST0085,Enterprise,Europe,4999,1499,4610.0,410.0,5391.0,77,20,0.26201158459191093,0.011907100118188707,0.1,26982.000000000004,18782.000000000004,0.6960936920910237,5200.0,77929.80936320226,14.98650180061582,21.4,Premium,4999,Test
CUST0086,Students,Middle East,499,699,490.0,84.0,782.0,89,11,0.12397335648052984,0.08237818448394885,0.1,6920.1,5996.1,0.8664759179780639,300.2004008016032,6071.943133624912,20.22629922349019,88.0,Value Entry,999,Recommend
CUST0087,Enterprise,Europe,4999,899,5150.0,693.0,5828.0,122,34,0.27634836729436896,0.013447723240810344,0.1,27509.4,3947.4000000000015,0.14349276974416023,5200.0,8517.331691073678,1.6379484021295534,19.8,Value Entry,4999,Test
CUST0088,Enterprise,India,4999,999,4660.0,581.0,7222.0,62,19,0.3054460260485029,0.017251876946762282,0.05,18031.95,6992.950000000001,0.38780886149307203,5200.0,20965.860573079597,4.031896264053769,19.2,Moderate Increase,4999,Test
CUST0089,Mid-Market,India,2499,1199,2340.0,247.0,3013.0,85,20,0.23629191146653405,0.011988961913351137,0.05,22781.0,17841.0,0.7831526271893244,2300.0,73513.89160254992,31.962561566326052,31.3,Moderate Increase,1999,Test
CUST0090,Students,Middle East,499,1199,550.0,89.0,631.0,38,1,0.03270168281038756,0.11293933431693218,0.1,1079.1000000000001,990.1000000000001,0.9175238624779909,350.7014028056112,7776.553407231581,22.17428657262034,97.5,Moderate Increase,999,Recommend
CUST0091,Students,Middle East,499,1199,540.0,86.0,574.0,54,3,0.060958377831395086,0.11992381685423632,0.1,3237.3,2979.3,0.9203039570012047,350.7014028056112,7287.990662808726,20.78118480423745,97.5,Moderate Increase,999,Recommend
CUST0092,Small Businesses,Europe,1499,1499,1380.0,148.0,1726.0,54,9,0.1578373734527077,0.0355028380485227,0.1,12141.900000000001,10809.900000000001,0.890297235193833,1100.0,32629.998188782087,29.663634717074626,48.4,Premium,1499,Recommend
CUST0093,Individual Professionals,Europe,999,1499,1050.0,109.0,1114.0,69,6,0.09178197623349109,0.07327734488246608,0.15,7644.9,6990.9,0.9144527724365263,566.8468468468468,14735.398824044509,25.995379362189137,72.0,Premium,999,Test
CUST0094,Individual Professionals,North America,999,1199,810.0,85.0,1121.0,94,12,0.12331329477536052,0.05307216044340607,0.1,12949.2,11929.2,0.9212306551756093,538.7387387387388,17737.001046094905,32.92319592168118,68.9,Moderate Increase,999,Recommend
CUST0095,Students,Middle East,499,899,560.0,78.0,562.0,79,4,0.049315843210301386,0.0928446945064189,0.05,3416.2,3104.2,0.9086704525496165,320.4008016032064,7582.532082968101,23.66577126220342,93.9,Value Entry,999,Recommend
CUST0096,Enterprise,North America,4999,1499,4430.0,865.0,6789.0,92,25,0.2706632692641218,0.014377291058431682,0.1,33727.5,12102.5,0.3588318138017938,5200.0,33187.055298486885,6.382126018939785,19.9,Premium,4999,Test
CUST0097,Mid-Market,Southeast Asia,2499,1199,2930.0,235.0,3298.0,110,27,0.24182534214053833,0.02072608595739864,0.15,27517.05,21172.05,0.7694156895452092,2300.0,37049.81448378041,16.108614992948002,33.5,Moderate Increase,1999,Test
CUST0098,Individual Professionals,India,999,899,980.0,161.0,1293.0,123,24,0.19115207200460843,0.04869590587132864,0.1,19418.4,15554.400000000001,0.8010134717587443,520.0,12661.027089913954,24.348129019065297,65.4,Value Entry,999,Recommend
CUST0099,Individual Professionals,Middle East,999,699,1170.0,124.0,1189.0,58,10,0.17110975139271634,0.054206372162686665,0.05,6640.5,5400.5,0.8132670732625555,520.0,9422.800831986635,18.120770830743528,66.1,Value Entry,999,Recommend
CUST0100,Students,Southeast Asia,499,999,450.0,65.0,676.0,66,4,0.062483149693389924,0.08703016290598029,0.0,3996.0,3736.0,0.934934934934935,330.501002004008,9797.911429477746,29.645633054265073,94.3,Moderate Increase,999,Recommend
CUST0101,Enterprise,Southeast Asia,4999,1499,5250.0,458.0,7101.0,102,29,0.28043316849997063,0.011500773145021192,0.15,36950.35,23668.35,0.6405446768433858,5200.0,70148.64425414281,13.490123895027464,20.0,Premium,4999,Test
CUST0102,Individual Professionals,Southeast Asia,999,1499,970.0,159.0,1345.0,77,12,0.15121651866306984,0.057473086806167896,0.0,17988.0,16080.0,0.8939292861907938,566.8468468468468,21975.260663121262,38.76754503506771,74.4,Premium,999,Test
CUST0103,Students,Europe,499,699,480.0,52.0,584.0,74,8,0.10314371834123773,0.08514491018819584,0.05,5312.4,4896.4,0.9216926436262329,300.2004008016032,6576.2833794960325,21.90631112395541,99.6,Value Entry,999,Recommend
CUST0104,Enterprise,Europe,4999,499,5640.0,810.0,6289.0,81,22,0.2741404952990296,0.016509201972179408,0.05,10429.099999999999,-7390.9000000000015,-0.7086805189326023,5200.0,-20013.307375742843,-3.848712956873624,21.3,Penetration,4999,Test
CUST0105,Students,Europe,499,699,560.0,76.0,578.0,82,8,0.10065959117808891,0.08041926782069422,0.15,4753.2,4145.2,0.8720861735252041,300.2004008016032,5924.957653694218,19.73667469421505,97.5,Value Entry,999,Recommend
CUST0106,Enterprise,North America,4999,899,5280.0,573.0,5113.0,103,31,0.29837454335436114,0.014777661316358178,0.15,23688.649999999998,5925.649999999998,0.2501472224039782,5200.0,12743.914345290268,2.450752758709667,20.4,Value Entry,4999,Test
CUST0107,Enterprise,Europe,4999,1999,5280.0,653.0,5622.0,91,24,0.2680862247439484,0.022128654474144315,0.15,40779.6,25107.6,0.6156901980401965,5200.0,46229.657086343555,8.890318670450684,21.3,High Premium,4999,Test
CUST0108,Mid-Market,Europe,2499,899,2740.0,430.0,2896.0,138,36,0.25888568640438414,0.027381680184619908,0.05,30745.8,15265.8,0.49651659738891163,2300.0,15062.581833432405,6.54894862323148,33.7,Value Entry,1999,Test
CUST0109,Small Businesses,North America,1499,999,1840.0,260.0,1783.0,124,26,0.207030867806104,0.045154764406949946,0.05,24675.3,17915.3,0.7260418313049892,1100.0,14570.690783719947,13.246082530654498,46.3,Moderate Increase,1499,Test
CUST0110,Students,Middle East,499,699,540.0,60.0,638.0,57,5,0.0884936537496864,0.07654714854764663,0.1,3145.5,2845.5,0.9046256556986171,300.2004008016032,6865.533566340681,22.86983477706275,92.5,Value Entry,999,Recommend
CUST0111,Enterprise,India,4999,699,5630.0,573.0,6557.0,74,22,0.2995728305432372,0.008988939929477585,0.05,14609.099999999999,2003.0999999999985,0.137113169189067,5200.0,10038.064302056699,1.9303969811647497,19.1,Value Entry,4999,Test
CUST0112,Individual Professionals,Southeast Asia,999,499,990.0,125.0,1213.0,48,10,0.19952525210542646,0.049782820533928754,0.15,4241.5,2991.5,0.705292938818814,520.0,5709.95106722697,10.980675129282634,69.0,Penetration,999,Test
CUST0113,Enterprise,Europe,4999,999,4950.0,690.0,7043.0,101,27,0.270128133738934,0.011803557716698939,0.0,26973.0,8343.0,0.30930930930930933,5200.0,25869.547808754814,4.9749130401451565,19.1,Moderate Increase,4999,Test
CUST0114,Mid-Market,Europe,2499,1999,2500.0,449.0,4188.0,97,23,0.24077001842335055,0.021903499651559986,0.0,45977.0,35650.0,0.7753876938469234,2300.0,69214.94736719424,30.093455377040975,33.8,High Premium,1999,Recommend
CUST0115,Enterprise,Europe,4999,999,5230.0,502.0,6387.0,68,21,0.3123521215190532,0.02055432907616115,0.0,20979.0,10437.0,0.4974974974974975,5200.0,23682.821105249262,4.554388674086397,21.4,Moderate Increase,4999,Test
CUST0116,Small Businesses,Europe,1499,1999,1010.0,186.0,2184.0,77,12,0.15062710430374782,0.03461115961293992,0.15,20389.8,18157.8,0.8905335020451403,1166.0440293529018,42205.40831823345,36.195381354214746,48.3,High Premium,1499,Test
CUST0117,Enterprise,North America,4999,699,4180.0,722.0,5893.0,89,25,0.27930639296006626,0.016941263986241812,0.15,14853.75,-3196.25,-0.2151813515105613,5200.0,-7418.812403928561,-1.4266946930631847,19.1,Value Entry,4999,Test
CUST0118,Mid-Market,Europe,2499,499,2300.0,365.0,3477.0,85,22,0.25357268844655906,0.02395749824491167,0.15,9331.3,1301.2999999999993,0.1394553813509371,2300.0,2409.8056228001738,1.0477415751305104,31.2,Penetration,1999,Test
CUST0119,Mid-Market,Southeast Asia,2499,1999,2150.0,225.0,3474.0,75,18,0.24240678294931856,0.022938608020620345,0.15,30584.699999999997,26534.699999999997,0.8675808492481535,2300.0,62790.865500279404,27.300376304469307,34.1,High Premium,1999,Recommend
CUST0120,Enterprise,North America,4999,499,5260.0,598.0,5657.0,102,30,0.29277049463301974,0.013761814242744037,0.15,12724.5,-5215.5,-0.40987858069079336,5200.0,-12458.932054274783,-2.39594847197592,20.3,Penetration,4999,Test
CUST0121,Students,India,499,1499,530.0,61.0,552.0,25,1,0.025,0.1422935913954475,0.15,1274.1499999999999,1213.1499999999999,0.9521249460424597,381.002004008016,7312.53262634218,19.19289806724568,89.5,Premium,999,Test
CUST0122,Mid-Market,Southeast Asia,2499,499,1980.0,267.0,2708.0,51,15,0.28471782691607916,0.02878582547316015,0.1,6736.5,2731.5,0.40547762191048764,2300.0,6143.93015570249,2.6712739807402133,31.4,Penetration,1999,Test
CUST0123,Individual Professionals,Europe,999,899,1050.0,156.0,1235.0,99,17,0.17415231067234793,0.04865713970845372,0.1,13754.7,11102.7,0.8071931776047461,520.0,12769.390592609372,24.556520370402637,72.9,Value Entry,999,Recommend
CUST0124,Mid-Market,Middle East,2499,1999,2990.0,206.0,3318.0,66,14,0.21011305636862745,0.02497305637609086,0.15,23788.1,20904.1,0.8787629108671983,2300.0,58297.28884390289,25.346647323436038,30.7,High Premium,1999,Recommend
CUST0125,Students,Europe,499,499,520.0,89.0,636.0,103,11,0.11033604891733544,0.06848162805609469,0.0,5489.0,4510.0,0.8216432865731463,280.0,5577.007196501822,19.917882844649366,100.0,Penetration,999,Test
CUST0126,Small Businesses,Southeast Asia,1499,1499,1640.0,203.0,2135.0,100,20,0.2000895357279369,0.038930763935782056,0.0,29980.0,25920.0,0.8645763842561708,1100.0,31993.86819107395,29.085334719158137,50.2,Premium,1499,Recommend
CUST0127,Students,India,499,699,620.0,49.0,729.0,98,10,0.10470764200983071,0.08015364305806542,0.05,6640.5,6150.5,0.9262103757247195,300.2004008016032,7058.337965091512,23.512087079977732,100.0,Value Entry,999,Recommend
CUST0128,Enterprise,Southeast Asia,4999,699,3560.0,423.0,6904.0,94,26,0.27592724956192083,0.011978468270586708,0.05,17265.3,6267.299999999999,0.36299977411339507,5200.0,19882.55800686859,3.8235688474747285,19.9,Value Entry,4999,Test
CUST0129,Students,North America,499,699,470.0,54.0,540.0,50,5,0.09359840070220908,0.09207364561458448,0.15,2970.75,2700.75,0.9091138601363292,300.2004008016032,5326.34954386557,17.74264634438531,98.0,Value Entry,999,Recommend
CUST0130,Small Businesses,Southeast Asia,1499,1199,1190.0,191.0,2012.0,83,17,0.2068023783099009,0.03780123951763597,0.0,20383.0,17136.0,0.8407005838198499,1100.0,25657.79225609052,23.325265687355017,50.1,Moderate Increase,1499,Recommend
CUST0131,Individual Professionals,Middle East,999,499,940.0,130.0,1268.0,149,28,0.18507218967270092,0.04859130806560164,0.0,13972.0,10332.0,0.7394789579158316,520.0,7224.95074324454,13.894136044701039,74.8,Penetration,999,Test
CUST0132,Enterprise,Europe,4999,999,5260.0,437.0,6473.0,77,23,0.3028796324662512,0.022249794231987714,0.05,21828.149999999998,11777.149999999998,0.5395395395395395,5200.0,22501.645976740514,4.327239610911637,18.6,Moderate Increase,4999,Test
CUST0133,Individual Professionals,India,999,1499,1110.0,160.0,1166.0,81,8,0.09692234485856681,0.05362053056924998,0.1,10792.800000000001,9512.800000000001,0.8814024164257653,566.8468468468468,20987.107273150687,37.02429922631479,73.9,Premium,999,Test
CUST0134,Enterprise,India,4999,1999,5840.0,446.0,6442.0,94,26,0.28042831463118134,0.009658622565159595,0.0,51974.0,40378.0,0.776888444222111,5200.0,159235.97270527505,30.622302443322127,19.5,High Premium,4999,Test
CUST0135,Mid-Market,Middle East,2499,499,2670.0,401.0,3434.0,120,34,0.28240296614467325,0.02018502276585423,0.1,15269.400000000001,1635.4000000000015,0.10710309507904707,2300.0,2334.8549541736397,1.0151543279015824,29.5,Penetration,1999,Test
CUST0136,Mid-Market,Europe,2499,499,2750.0,322.0,3365.0,103,28,0.26920556637924936,0.01689300569671876,0.15,11876.199999999999,2860.199999999999,0.24083461039726506,2300.0,5944.731285302663,2.584665776218549,34.4,Penetration,1999,Test
CUST0137,Mid-Market,Southeast Asia,2499,999,2200.0,431.0,3604.0,95,26,0.2694844980478634,0.020138199270383784,0.05,24675.3,13469.3,0.545861651124809,2300.0,25206.692964574275,10.959431723727945,33.2,Moderate Increase,1999,Test
CUST0138,Small Businesses,North America,1499,1999,1700.0,244.0,1922.0,71,11,0.15975800251117464,0.036956360413513585,0.15,18690.649999999998,16006.649999999998,0.8563987876291087,1166.0440293529018,37919.668940988166,32.51992891043038,47.7,High Premium,1499,Test
CUST0139,Enterprise,Middle East,4999,899,5240.0,570.0,6127.0,93,26,0.2789264273213608,0.016650281586576488,0.05,22205.3,7385.299999999999,0.3325917686318131,5200.0,16775.721543383508,3.2261002968045207,21.1,Value Entry,4999,Test
CUST0140,Students,Middle East,499,999,380.0,79.0,730.0,63,3,0.05441125631346788,0.09579842044276772,0.05,2847.1499999999996,2610.1499999999996,0.9167588641272851,330.501002004008,8212.041291054102,24.847250813946136,98.8,Moderate Increase,999,Recommend
CUST0141,Enterprise,North America,4999,1499,5150.0,869.0,7331.0,76,22,0.2934979608921215,0.0129605696900001,0.15,28031.299999999996,8913.299999999996,0.31797669034258125,5200.0,30855.049951904795,5.933663452289384,19.5,Premium,4999,Test
CUST0142,Mid-Market,Middle East,2499,699,1740.0,357.0,3029.0,131,36,0.2772066570371997,0.019908559891386925,0.15,21389.399999999998,8537.399999999998,0.3991416309012875,2300.0,11674.81155290964,5.076005023004191,30.5,Value Entry,1999,Test
CUST0143,Small Businesses,Middle East,1499,899,1450.0,173.0,1836.0,81,16,0.20321777959157167,0.027265286795569763,0.1,12945.6,10177.6,0.7861821777283401,1100.0,22693.931507438887,20.63084682494444,48.4,Value Entry,1499,Test
CUST0144,Enterprise,Southeast Asia,4999,499,4310.0,740.0,7268.0,89,25,0.28392954285549515,0.017699277968666414,0.05,11851.249999999998,-6648.750000000002,-0.5610167703828712,5200.0,-14760.086681881583,-2.8384782080541506,20.7,Penetration,4999,Test
CUST0145,Mid-Market,North America,2499,1999,2180.0,448.0,3347.0,129,32,0.24502589411005815,0.015720158649370625,0.05,60769.6,46433.6,0.7640925726020905,2300.0,90853.99808283818,39.50173829688617,33.0,High Premium,1999,Recommend
CUST0146,Mid-Market,Europe,2499,1999,2570.0,244.0,2961.0,78,17,0.2186702298316105,0.026756066124430204,0.0,33983.0,29835.0,0.8779389694847424,2300.0,63837.602135093366,27.75547918917103,29.9,High Premium,1999,Recommend
CUST0147,Individual Professionals,Europe,999,1499,1200.0,149.0,1164.0,61,7,0.11392922122295673,0.05790527389316885,0.05,9968.35,8925.35,0.8953688423861522,566.8468468468468,20744.53326546175,36.59636351662833,67.8,Premium,999,Test
CUST0148,Enterprise,Middle East,4999,999,4640.0,668.0,7707.0,78,24,0.3045758718949852,0.013449193760256063,0.1,21578.4,5546.4000000000015,0.2570348125903682,5200.0,16952.086153725253,3.260016568024087,19.8,Moderate Increase,4999,Test
CUST0149,Enterprise,Middle East,4999,899,5280.0,727.0,6761.0,92,25,0.2726293208953514,0.008005812060169894,0.15,19103.75,928.75,0.0486161094026042,5200.0,4603.228729951302,0.8852362942214042,19.3,Value Entry,4999,Test
CUST0150,Small Businesses,Southeast Asia,1499,499,1280.0,159.0,1892.0,94,25,0.2614840487423488,0.0358951518065556,0.05,11851.249999999998,7876.249999999998,0.6645923425798966,1100.0,8461.901319160093,7.692637562872812,46.6,Penetration,1499,Test
